time_seconds,bus650_magnitude,bus650_angle,bus680_magnitude,bus680_angle,bus692_magnitude,bus692_angle
1.0,0.9999667492777495,-0.00016052334801684346,1.0021663509786034,-0.07009783283368111,1.0021663318244358,-0.07009782638931153
2.0,0.9999552466208103,-0.0001666843832171287,0.9983174337337699,-0.07474964649749821,0.998317413981688,-0.07474963962095262
3.0,0.999948777638487,-0.00017302778639537525,0.9958529570779217,-0.07822489540321642,0.9958529370761571,-0.07822488833287924
4.0,0.9999509655076626,-0.0001713492946890703,0.9966230468010356,-0.07719523252285843,0.9966230268970809,-0.0771952255252717
5.0,0.999958004884844,-0.00016676962897203203,0.9990900769512964,-0.0741019877952407,0.9990900573877983,-0.07410198104891925
6.0,0.9999658323001408,-0.00016191123252381928,1.0017809753534725,-0.07074171675449932,1.0017809561781221,-0.07074171029143005
7.0,0.9999705730828485,-0.00015859249406471475,0.996714333627333,-0.06929376393331446,0.9967143147688327,-0.06929375759946636
8.0,0.9999701288537093,-0.0001591298814947969,0.9965258605091498,-0.06956259760592472,0.9965258416346475,-0.06956259126015799
9.0,0.9999648365344505,-0.00016198254198495021,0.9947368698580829,-0.07173712148452058,0.9947368507051026,-0.07173711493793312
10.0,0.9999563572777423,-0.00016730302051148012,0.9917697171506609,-0.07545468468474144,0.9917696975756298,-0.07545467782719115
11.0,0.9999489176874811,-0.00017176072999795127,0.9892150863815202,-0.07864700907372156,0.9892150664306816,-0.07864700194130927
12.0,0.9999465816988821,-0.0001726075758457208,0.9884696543415281,-0.07947344331753155,0.9884696342581518,-0.07947343608991983
13.0,0.9999511234105846,-0.00016978300610289937,0.9900419749945449,-0.07749437697466806,0.9900419551375805,-0.07749436991296531
14.0,0.9999626287812624,-0.00016260454636094594,0.9940613373357358,-0.072492066763799,0.9940613180495398,-0.07249206012281548
15.0,0.9999781342845836,-0.00015269074102078906,0.9994595335989032,-0.06567224239422526,0.9994595150874601,-0.06567223631749836
16.0,0.9999931275527397,-0.0001434529259740838,1.004681321391395,-0.059454840265992494,1.0046813036404785,-0.05945483472988537
17.0,1.000003780851808,-0.00013635690479687972,1.001772606277609,-0.0552839174045641,1.0017725891583065,-0.05528391223098216
18.0,1.0000078573539604,-0.00013407882137123436,1.0031707738284503,-0.05358239913905324,1.0031707569290544,-0.053582394123056605
19.0,1.000005508106336,-0.0001353681124247886,1.0023810699211617,-0.054554853646354054,1.0023810528936226,-0.05455484853980774
20.0,0.999998317295141,-0.00014032501941254523,0.9998282140902099,-0.05784507168815116,0.9998281967016323,-0.05784506631972655
21.0,0.9999901308080489,-0.00014565663951023497,0.9969560951439759,-0.06146772857964385,0.9969560773410944,-0.06146772290923456
22.0,0.9999848009824597,-0.00014893415885037744,0.9951029593929761,-0.06379730019060731,0.9951029413151049,-0.0637972943211058
23.0,0.9999846036152387,-0.00014879550912232626,0.9950590585334694,-0.06379098938601527,0.9950590404406893,-0.06379098350611165
24.0,0.9999895360915503,-0.0001453973127421816,0.9968069091191123,-0.0615423067099011,0.9968068912699288,-0.06154230100852154
25.0,0.9999971436401135,-0.00014033926341025564,0.9994863959286441,-0.05812598931101631,0.9994863784635268,-0.05812598388753502
26.0,1.0000036068210052,-0.00013617217117531968,1.0017439635433742,-0.05525104436792986,1.001743946410021,-0.05525103918500218
27.0,1.0000054454053333,-0.00013519889644589018,1.0023707078481527,-0.05453198268663352,1.0023706908130015,-0.05453197757453028
28.0,1.0000004472729571,-0.00013874999471594784,1.0005810679389509,-0.05682473822029311,1.0005810506572252,-0.056824732927899795
29.0,0.9999894130828881,-0.00014488824872206521,0.996819793546952,-0.06140715608339974,0.9968197756745408,-0.06140715036674644
30.0,0.9999734789142966,-0.0001552458464494108,0.9912273637566461,-0.06854566676967011,0.9912273450812016,-0.06854566046610643
31.0,0.9999572970930921,-0.00016548304927540043,0.9855717072526679,-0.07571470937739119,0.9855716877626809,-0.0757147024764213
32.0,0.9999458061619781,-0.00017204908027370047,0.9883107340666576,-0.07951551194366357,0.9883107139125236,-0.07951550466904199
33.0,0.9999405989352955,-0.0001752307213886701,0.9865001964031339,-0.08177903705650147,0.9865001759901251,-0.08177902959110295
34.0,0.9999426329546254,-0.00017400122183341794,0.9872041140859343,-0.08089324431807568,0.9872040937742407,-0.08089323692641673
35.0,0.9999495881926982,-0.00016970189779479946,0.9896161938479066,-0.07787257988649021,0.9896161738818104,-0.0778725727506348
36.0,0.9999574942229331,-0.00016479216955054432,0.9923708967630004,-0.07440474223054426,0.9923708771910437,-0.0744047353843452
37.0,0.999962477398265,-0.00016165135800369143,0.9940968650366934,-0.07224494151799979,0.9940968457136554,-0.07224493485307676
38.0,0.999961434451295,-0.00016376406157854177,0.9935944929880334,-0.07312871846369363,0.9935944736542185,-0.07312871178564596
39.0,0.9999557199906867,-0.00016750996002098232,0.9915918970050904,-0.0756596105335609,0.9915918773916118,-0.07565960364920485
40.0,0.9999471946702735,-0.00017274498545426304,0.9886224348181328,-0.07936944708668692,0.9886224147785853,-0.07936943988893758
41.0,0.9999404473986446,-0.00017530571600660405,0.9864379777379527,-0.08182875403304803,0.9864379573184454,-0.08182874656096999
42.0,0.999937766723703,-0.00017693672702629823,0.9855192495949213,-0.08300099238305882,0.985519229043011,-0.08300098481285818
43.0,0.9999423897616609,-0.00017413246223277562,0.987129954488372,-0.08100714862411201,0.9871299341636738,-0.08100714122455098
44.0,0.9999539444707121,-0.00016701139466765574,0.9911337507032824,-0.07596626920947026,0.9911337309539054,-0.07596626223312344
45.0,0.9999690511953784,-0.00015855426870295153,0.9962847768881622,-0.06965901198994677,0.996284757923167,-0.06965900558315571
46.0,0.999984456835558,-0.0001485953767448752,1.0016596905372561,-0.06289344099184516,1.0016596723423234,-0.06289343514442147
47.0,0.9999951874258917,-0.00014227218083610736,1.0053930707778878,-0.058593171696066884,1.0053930531352098,-0.05859316623788779
48.0,0.9999991799742016,-0.0001396183430331455,1.0001400516960968,-0.0573921352490848,1.0001400343520088,-0.05739212991071098
49.0,0.9999965083356949,-0.00014174578752056857,0.9991538235265236,-0.058699589803688605,0.9991538060549819,-0.058699584372439134
50.0,0.999989529187209,-0.00014585180673316742,0.9967426675598339,-0.061679067902486506,0.9967426497234165,-0.0616790622067321
51.0,0.9999813350011437,-0.00015111362043848032,0.9938894475685478,-0.06532028130722113,0.9938894293163612,-0.06532027530944187
52.0,0.999975952812726,-0.0001543792572765968,0.9920252575311129,-0.06764618255148275,0.9920252390009433,-0.06764617635208711
53.0,0.9999757915907446,-0.00015422697450684353,0.9920001829973312,-0.06764539325320695,0.9920001644519112,-0.067645387043386
54.0,0.9999814619114089,-0.0001490330597775211,0.994153147213753,-0.06466615742587058,0.9941531289099702,-0.06466615139952153
55.0,0.9999891086759383,-0.00014401132184695134,0.9968245097637219,-0.061230324332127335,0.9968244918466543,-0.061230318587350875
56.0,0.9999949790700219,-0.00014172582848625756,0.9987274433912907,-0.059082956622322984,0.9987274258135024,-0.059082951119274536
57.0,0.9999967866329889,-0.0001407388587260575,0.999343230002889,-0.058327639466798156,0.9993432125236698,-0.05832763403337658
58.0,0.9999917874566923,-0.00014423720631913823,0.997568716565677,-0.06062640887481746,0.9975686988368256,-0.06062640325990336
59.0,0.9999805206042839,-0.00015069679426288346,0.9936950488822994,-0.0653986924264211,0.9936950305607353,-0.06539868638165697
60.0,0.9999644447532093,-0.00016100052906601903,0.9880580251058831,-0.07256068336671148,0.9880580059763784,-0.07256067672939691
61.0,0.999948177711009,-0.00017160413051687655,0.9890141666790334,-0.0787829649439525,0.9890141466750266,-0.07878295777443875
62.0,0.9999365280183156,-0.00017772342894247441,0.9850916197017527,-0.08355204584315226,0.9850915990859737,-0.08355203822729496
63.0,0.9999312756788968,-0.00018086663651076842,0.9832608268922541,-0.08581556948042436,0.9832608060177082,-0.08581556167055732
64.0,0.9999333286609712,-0.00017962615718322125,0.9839792082323322,-0.08492119815901628,0.9839791874597779,-0.08492119042558195
65.0,0.9999403662408153,-0.0001753818948911431,0.9864222127336256,-0.08189170313962521,0.9864221923087138,-0.08189169566594517
66.0,0.9999483478620285,-0.00017048281179201253,0.9891928462643351,-0.07841860568957451,0.9891928262367674,-0.07841859850870936
67.0,0.9999534013266284,-0.00016734907251452456,0.9909366723211346,-0.07619585064216305,0.9909366525462625,-0.07619584364513307
68.0,0.9999531230283123,-0.00016752981250488081,0.9908539758291981,-0.0763275812329501,0.9908539560394006,-0.07632757422604347
69.0,0.9999474928920387,-0.00017100171524529767,0.988880377309761,-0.07877339828396905,0.988880357239602,-0.07877339106988392
70.0,0.9999388903579782,-0.00017627514335804014,0.9859152479901748,-0.08251597863275272,0.9859152274922959,-0.08251597110398592
71.0,0.9999306291265946,-0.00018231440773731154,0.9829383028228657,-0.08642096600107223,0.9829382819460943,-0.08642095818706208
72.0,0.9999278949204362,-0.00018390459057603987,0.9819965946656154,-0.08758425833076414,0.9819965736553486,-0.0875842504172618
73.0,0.9999325493394615,-0.00018111452841504077,0.9836066617948512,-0.08557007159407908,0.9836066410152423,-0.08557006385103186
74.0,0.999944265669977,-0.0001740164813291312,0.9876620972996089,-0.08049660767336986,0.9876620771012151,-0.08049660036154739
75.0,0.9999600983021509,-0.0001642237630371952,0.993165561880044,-0.07360663276069249,0.9931655424677807,-0.07360662602771294
76.0,0.9999756946978549,-0.00015429383856762474,0.998594225623319,-0.06676792422444575,0.9985942069895023,-0.06676791805963318
77.0,0.999986651668079,-0.0001476359267594086,1.0023860752622225,-0.06207663859106251,1.0023860571893852,-0.06207663283212161
78.0,0.9999908280088221,-0.0001453733051126465,1.003859004211061,-0.06060578042392194,1.0038589863543295,-0.0606057748105561
79.0,0.999988129314668,-0.0001474905768330008,1.002880227543477,-0.061893738164279115,1.0028802095612765,-0.061893732458428656
80.0,0.999980755329296,-0.00015241206650204534,1.000294638389888,-0.06516706544385337,1.0002946200444975,-0.06516705947316306
81.0,0.9999724739453488,-0.00015767441740672443,0.9974222703464478,-0.06880169781861414,0.9974222515832623,-0.06880169154434432
82.0,0.9999670451913841,-0.00016091084683642087,0.9955637537858644,-0.07110573879924006,0.995563734747437,-0.0711057323250552
83.0,0.9999668963500097,-0.00016075062251923034,0.995537623617478,-0.07109991467847915,0.9955376045633402,-0.07109990819305592
84.0,0.9999719388480248,-0.00015736038332625518,0.9973164472860457,-0.06883870011031047,0.9973164284796949,-0.06883869380623757
85.0,0.9999800136806051,-0.0001514689851391969,1.0001877475430812,-0.06506607852881162,1.000187729122061,-0.06506607250763534
86.0,0.999986759211331,-0.00014708609406418742,1.0025274022756983,-0.06210689150478568,1.0025273841912847,-0.06210688572901571
87.0,0.9999887682630676,-0.00014579026113394975,1.003233263869138,-0.061238530974649596,1.0032332458833866,-0.061238525271208946
88.0,0.9999837697279508,-0.00014904839785907664,1.001483432353819,-0.06343906151333888,1.0014834141186304,-0.06343905562807466
89.0,0.9999719537316751,-0.000156687355241112,0.9973662125572494,-0.06862158799499792,0.9973661937315094,-0.06862158167946904
90.0,0.9999557419653164,-0.00016693373228075358,0.991749511767904,-0.07574253251575841,0.9917494921339042,-0.07574252560910252
91.0,0.9999392724975645,-0.00017708339298284697,0.9859416800050456,-0.08267692866463101,0.9859416595565734,-0.08267692116829634
92.0,0.99992748454971,-0.00018311621426226344,0.9819580153919475,-0.08744438681260612,0.9819579943296358,-0.08744437886394553
93.0,0.9999222991919483,-0.00018675547124474154,0.9868448346408409,-0.0886376768922539,0.9868448132697203,-0.08863766883391998
94.0,0.999924367315847,-0.00018549316345719335,0.9875482302367783,-0.08771996541791051,0.9875482089702923,-0.08771995743450665
95.0,0.9999315003687029,-0.00018124044157663286,0.9900226293545984,-0.08468598478706713,0.9900226084373118,-0.0846859770634279
96.0,0.9999395929306928,-0.00017636709866736706,0.9927972358992865,-0.08124789451278053,0.9927972153803782,-0.08124788708376925
97.0,0.9999446921188554,-0.00017321464827436386,0.9945559631622145,-0.07904881473006747,0.9945559428958921,-0.07904880748456089
98.0,0.999943575792064,-0.00017544524909160488,0.9940141439401444,-0.07997152172588977,0.99401412366325,-0.07997151446665073
99.0,0.9999377889473824,-0.00017911697153524778,0.9920003501988944,-0.08249367897170992,0.9920003296424958,-0.0824936715045476
100.0,0.9999290987835295,-0.00018430331517553107,0.9890195538206934,-0.08620035299418148,0.9890195328354614,-0.0862003452129819
101.0,0.9999214751605282,-0.00018863740415194795,0.9864223980130781,-0.0893841932887664,0.9864223766492652,-0.0893841852264833
102.0,0.999919649592879,-0.00018829126674214567,0.9859259154748439,-0.08974203679460632,0.9859258939754031,-0.08974202864030419
103.0,0.999924347551772,-0.0001855095148291295,0.9875468837449507,-0.08773603527686384,0.987546862476418,-0.08773602729318526
104.0,0.9999361817696043,-0.00017842533220926293,0.9916168735078172,-0.0826938758441411,0.9916168528216894,-0.08269386829050906
105.0,0.9999521559402287,-0.00016860897366841423,0.9971383968766772,-0.07583886097903766,0.9971383769776948,-0.07583885400395617
106.0,0.999967105707338,-0.0001606479053004482,1.0022619688513275,-0.07005586681672218,1.0022619497276055,-0.07005586039113003
107.0,0.9999781073241495,-0.0001536068524171704,0.9993549219342875,-0.06595962862134364,0.9993549034446189,-0.06595962255870208
108.0,0.9999823123026295,-0.00015132442455990374,1.0007621877494175,-0.06423805564404415,1.0007621694830453,-0.06423804974135999
109.0,0.9999799410850498,-0.00015258220903676238,0.9999667896605341,-0.06520029639676225,0.9999667712660094,-0.06520029040207294
110.0,0.9999725658955843,-0.0001574425370404066,0.9973931084391171,-0.06847590009745305,0.997393089680126,-0.06847589383673328
111.0,0.9999642082625348,-0.00016267072954437588,0.9944874738642843,-0.07210213855136224,0.9944874546885889,-0.0721021319858782
112.0,0.9999587620433155,-0.00016589094112898532,0.9926076862063872,-0.074434738326549,0.9926076667515379,-0.07443473155802437
113.0,0.9999589195794586,-0.00016493722968867393,0.9927517544569138,-0.07410869584083243,0.9927517349864016,-0.07410868906422027
114.0,0.9999639262783061,-0.00016178342991892482,0.9944941200460794,-0.0719168000948932,0.9944941008255619,-0.07191679350124817
115.0,0.9999717737813819,-0.00015680797262149551,0.9972246108384853,-0.06848296408274192,0.9972245920093233,-0.06848295777493112
116.0,0.9999785817922664,-0.00015243144646680406,0.9996139036522187,-0.06549676216938544,0.9996138851618025,-0.06549675610884126
117.0,0.9999805994819151,-0.0001511390395844043,1.0003173411175519,-0.06462333318647487,1.000317322726933,-0.06462332719939189
118.0,0.9999755833419817,-0.00015434269211052204,0.9985609495758695,-0.06680081973704981,0.9985609309368751,-0.06680081356706198
119.0,0.9999636862891335,-0.0001619496497513367,0.9944180962633761,-0.07202872744827445,0.9944180770305164,-0.07202872084546875
120.0,0.9999473382499345,-0.00017214134425933098,0.9887308744202183,-0.07915568765039055,0.9887308543737874,-0.0791556804500195
121.0,0.9999307120894659,-0.00018223191257042825,0.9829658610942409,-0.08636671686700008,0.9829658402226048,-0.08636670905647557
122.0,0.9999189638897312,-0.00018872443743752967,0.985687540583684,-0.09005044420766799,0.9856875190492542,-0.09005043602832315
123.0,0.9999136558112534,-0.0001918040098511963,0.983875079079164,-0.09228423560920816,0.9838750572849004,-0.09228422723522507
124.0,0.9999157595219286,-0.00019057724503080623,0.9845919005044448,-0.09139735703023377,0.9845918788142229,-0.0913973487341313
125.0,0.9999229703172331,-0.00018633640937164953,0.987078170977806,-0.08833138440832027,0.9870781496412745,-0.08833137637483292
126.0,0.999931155696691,-0.00018145800584519847,0.9899014730748537,-0.08484961826626546,0.9899014521410346,-0.08484961053092421
127.0,0.9999363152819193,-0.00017833806224130225,0.9916687930455869,-0.08263236358113524,0.9916687723657973,-0.08263235603223663
128.0,0.9999360611628568,-0.0001784897185045742,0.9915802726883446,-0.0827385580451985,0.9915802519969694,-0.08273855048793785
129.0,0.9999295179110282,-0.00018385540391431648,0.9891697691229677,-0.08596068781559744,0.989169748153175,-0.08596068004559496
130.0,0.9999207819385618,-0.00018903948265859864,0.9861758156568923,-0.08967942435422929,0.986175794257301,-0.08967941626616288
131.0,0.9999138687189124,-0.0001916905596530848,0.9839281313803206,-0.09220066761843447,0.9839281095975697,-0.09220065925204231
132.0,0.9999111839735632,-0.00019325442857525622,0.9830206374767952,-0.0933406803151199,0.983020615561133,-0.09334067185079155
133.0,0.9999159202275997,-0.00019049576477261335,0.984650253218784,-0.09133781190358199,0.9846502315364235,-0.09133780361378904
134.0,0.9999272855533066,-0.00018479727767181653,0.9884597601440646,-0.0868138451326117,0.9884597390515367,-0.08681383727516512
135.0,0.999943428797856,-0.0001750570806530284,0.994015078347665,-0.07990259915874239,0.9940150580486906,-0.07990259188540828
136.0,0.9999593115412494,-0.00016520549116102385,0.9995017306468,-0.07308013755088083,0.999501711130997,-0.07308013085140082
137.0,0.9999703431583525,-0.0001583243164814038,0.9966656373186463,-0.06928990940398451,0.9966656184335605,-0.06928990305395068
138.0,0.9999745948390039,-0.00015606153181360025,0.9981209163149329,-0.0675576566453904,0.9981208976555388,-0.0675576504585654
139.0,0.9999721995142052,-0.00015729140709050632,0.9972933896015014,-0.06850689065865216,0.9972933708162317,-0.06850688437948776
140.0,0.999964796056843,-0.00016214274104111914,0.9947037602168038,-0.07180610512142363,0.9947037410641923,-0.07180609857456563
141.0,0.9999563961096334,-0.00016734423025389623,0.9917921451762737,-0.0754583389665327,0.9917921256040283,-0.07545833211195
142.0,0.9999509226968264,-0.00017051384256839771,0.989918794912256,-0.07776040398864247,0.9899187750623554,-0.07776039692945176
143.0,0.9999515716845159,-0.0001684915303022458,0.9903150333896173,-0.07700953176664613,0.9903150135224994,-0.07700952470379015
144.0,0.9999566577477775,-0.00016533272256882348,0.9920813954562894,-0.07480120746804159,0.9920813758423008,-0.07480120059105391
145.0,0.9999645471226589,-0.00016034094222116085,0.9948163091121417,-0.07132203444827986,0.9948162898926446,-0.07132202785895869
146.0,0.9999714194290876,-0.0001559955269747969,0.997213535127174,-0.0683248221680973,0.9972135162499597,-0.06832481582919749
147.0,0.9999725589222704,-0.00015689945584390676,0.9974435651969583,-0.06831361522598663,0.9974435464257801,-0.06831360895685144
148.0,0.9999674716803688,-0.000160355101065836,0.9956441694794319,-0.07059038101826394,0.9956441504589715,-0.07059037456652524
149.0,0.9999554533611626,-0.00016794590700858864,0.9914679744284014,-0.0758757782833528,0.9914679548099984,-0.07587577139418493
150.0,0.999939086268523,-0.00017785878573235803,0.9857973354683386,-0.08294579505398994,0.9857973150329514,-0.08294578756223192
151.0,0.9999234607532674,-0.00018605734735075542,0.9872442380110129,-0.08813639234000423,0.9872442166983464,-0.08813638432375102
152.0,0.9999109176776143,-0.0001934043727554301,0.9829234231710553,-0.09345372169540805,0.9829234012424302,-0.0934537132210571
153.0,0.9999058591254013,-0.00019642673907507822,0.9811044004241036,-0.09587175242113044,0.9811043782481852,-0.09587174373076508
154.0,0.999908052688933,-0.00019516688202279585,0.9818485118296406,-0.09493923438040806,0.9818484897618595,-0.09493922577014585
155.0,0.9999153333305268,-0.00019092508564584666,0.9843455133359151,-0.09186073918765009,0.984345491625264,-0.09186073084317126
156.0,0.9999229533101482,-0.00018747258212443104,0.9868599154787234,-0.0889022941271475,0.9868598941750757,-0.08890228608003121
157.0,0.9999282223049416,-0.00018432345566283005,0.9886718320620547,-0.08665826845187825,0.9886718110165913,-0.08665826059581762
158.0,0.9999280099632761,-0.000184468666864656,0.9886073873950464,-0.08676254207127986,0.9886073663388725,-0.08676253420788768
159.0,0.9999222712329233,-0.0001878766096038085,0.9866312286812202,-0.08920812925974542,0.9866312073434137,-0.08920812118810705
160.0,0.9999134654519231,-0.00019304410501386988,0.9836039237801496,-0.09296129690680965,0.9836039020093137,-0.09296128851458688
161.0,0.9999056395905829,-0.00019757548166199104,0.9809119336684444,-0.09627562986142042,0.9809119115154222,-0.09627562118253469
162.0,0.9999029768727976,-0.00019912670982311778,0.9800111935803402,-0.09741160573564309,0.9800111712947815,-0.09741159695877873
163.0,0.9999077798057388,-0.00019634068141473164,0.981652540976284,-0.0953788006131276,0.9816525189276774,-0.09537879201281786
164.0,0.9999202389523307,-0.00018849978044675284,0.985977148162501,-0.08990391805175628,0.985977126706748,-0.0899039098943615
165.0,0.9999361886303852,-0.00017956121024395602,0.99142103264303,-0.08326956389910044,0.9914210119891459,-0.08326955633311031
166.0,0.9999521761211105,-0.0001697415008607539,0.9969368965723934,-0.07636593668745055,0.9969368767077941,-0.0763659297007554
167.0,0.9999637671908018,-0.000162502677754054,1.0009540200620133,-0.07140145276954239,1.0009540007674913,-0.07140144620160332
168.0,0.9999678952547573,-0.00016071809411641363,1.0023819537956107,-0.07009102400765133,1.0023819347245202,-0.07009101758849094
169.0,0.9999651432186494,-0.00016280013844285126,1.001386641296494,-0.07137012552394395,1.0013866221002519,-0.07137011901072918
170.0,0.9999576864239467,-0.00016764509691246152,0.9987942379248328,-0.07465415041196342,0.998794218363059,-0.07465414363170045
171.0,0.9999492729117703,-0.0001727783848633229,0.9959186980516367,-0.07824642798217014,0.995918678072037,-0.0782464208968764
172.0,0.9999437698242626,-0.00017592413728614295,0.9940378148512594,-0.08055814573076539,0.9940377945941954,-0.08055813844296719
173.0,0.9999436863515544,-0.00017574896858149288,0.9940436113654816,-0.08052294665143181,0.9940435910966157,-0.08052293935677426
174.0,0.9999489022251713,-0.00017236751089762443,0.9958500842905305,-0.07822607525698853,0.9958500642749578,-0.07822606814850568
175.0,0.9999569253018754,-0.0001673937618973997,0.9986136136112397,-0.07476788302957973,0.9986135939917585,-0.07476787621014501
176.0,0.9999642089308851,-0.0001622184511909677,1.0012011375078331,-0.07143546825657193,1.00120111823022,-0.07143546169140085
177.0,0.9999663022417926,-0.00016088571641283987,1.001922513031721,-0.07053400515934855,1.0019224938576359,-0.07053399866801324
178.0,0.9999612755252278,-0.00016407193266894965,1.0001739989745126,-0.07270667646531513,1.0001739795516826,-0.07270666979272115
179.0,0.9999492236587417,-0.00017159505012299714,0.9960295761265877,-0.07790600944317219,0.9960295561089508,-0.077906002336123
180.0,0.9999327004237725,-0.00018167807603926674,0.9903510538299035,-0.08503414602362833,0.990351032995825,-0.08503413831761462
181.0,0.999915870332007,-0.00019163952642384545,0.9844370989567836,-0.09193463811450132,0.9844370773048841,-0.0919346298086907
182.0,0.9999039062087753,-0.00019755094208485861,0.9804205540714109,-0.09669827994587744,0.9804205317999188,-0.09669827118370392
183.0,0.9998986165482271,-0.00020115924389413483,0.985326875156684,-0.09775206034824782,0.985326852584218,-0.09775205148398128
184.0,0.9999008531140379,-0.00019986721915777003,0.9860911558164893,-0.0968087136450697,0.9860911333541427,-0.09680870486184935
185.0,0.9999082072969335,-0.00019561212434425493,0.988604441320064,-0.09373856120864886,0.9886044192154744,-0.09373855269129232
186.0,0.9999165795628826,-0.0001907403715283657,0.9914580219945784,-0.09023144676517462,0.9914580002974075,-0.09023143854864916
187.0,0.9999218723679119,-0.00018761162316977012,0.9932680360204057,-0.08799991390115716,0.9932680145822068,-0.08799990587635283
188.0,0.9999208148983864,-0.00018970781247157413,0.9927481102322355,-0.08887649286720271,0.9927480887869077,-0.08887648482977686
189.0,0.9999149752667778,-0.00019327621215580425,0.9907475945376519,-0.09137419506634128,0.9907475728119505,-0.09137418682241154
190.0,0.9999061713080316,-0.0001983770291671507,0.9877495243965179,-0.09507737606121228,0.9877495022408559,-0.09507736749875817
191.0,0.9998993129910501,-0.00020076599850659015,0.9855576909088914,-0.09746139736892666,0.985557668369826,-0.09746138852977197
192.0,0.9998966098207064,-0.00020231229684679328,0.9846395436324173,-0.09859178880035657,0.9846395209624836,-0.09859177986315085
193.0,0.9999015025799101,-0.00019949814860394278,0.9863107758142352,-0.0965573725599496,0.9863107533816463,-0.09655736379969537
194.0,0.999913692665595,-0.00019241470083386644,0.9904775426264943,-0.09144526939314984,0.9904775207891348,-0.09144526107404496
195.0,0.9999295007459363,-0.00018408696059678178,0.9957718806233022,-0.08510562688809163,0.9957718595874461,-0.08510561915615354
196.0,0.9999455880737464,-0.00017382191865659595,0.9946667175415682,-0.07922347924175742,0.9946666973502061,-0.07922347201549879
197.0,0.9999567987915835,-0.00016767407350732139,0.9984577368933516,-0.07463166426844227,0.9984577172785538,-0.07463165746202234
198.0,0.9999615066986883,-0.00016456110128426185,1.0001068342419748,-0.0725432628581806,1.0001068148568146,-0.07254325621816521
199.0,0.9999588079492676,-0.0001665769599788731,0.9991314799420985,-0.07380062074439574,0.9991314604330007,-0.07380061401300202
200.0,0.9999513402241255,-0.000171376628555492,0.9965410881665314,-0.07706541976692605,0.9965410682926564,-0.07706541276896531
201.0,0.9999429027353626,-0.00017650458594809586,0.9936315137322284,-0.08068353268093072,0.9936314934388273,-0.0806835253753037
202.0,0.9999374023050391,-0.0001796241937794148,0.9917530271014183,-0.0829815936944823,0.9917530065303665,-0.08298158618590118
203.0,0.9999373284775098,-0.0001794066822226297,0.9917476451700004,-0.08292423058592129,0.9917476245891139,-0.0829242230704683
204.0,0.99994261236708,-0.00017604488032438442,0.9935963921667483,-0.08062803083947831,0.9935963718417297,-0.08062802351367893
205.0,0.9999507256848643,-0.00017103532293806785,0.9963961299651845,-0.07713428862594142,0.9963961100400957,-0.07713428159309693
206.0,0.9999579703526247,-0.00016613541472192426,0.9989475846841753,-0.07389892005285568,0.9989475651035228,-0.07389891327494602
207.0,0.9999600944899595,-0.00016478365413519875,0.999674634999889,-0.07295651835122866,0.9996746155254448,-0.07295651164941705
208.0,0.9999550882586509,-0.00016796677799123954,0.9979288914337844,-0.07515151497209673,0.9979288717106526,-0.07515150809027267
209.0,0.9999429600689916,-0.00017542284663211495,0.9937519556554243,-0.08034360633520299,0.9937519353353109,-0.08034359901470835
210.0,0.9999263728684621,-0.00018543878535379446,0.9880350016827915,-0.08745858580028347,0.9880349805464644,-0.08745857787762709
211.0,0.9999094818491954,-0.0001953573463422481,0.9822311439729159,-0.09466190606319802,0.9822311220063958,-0.09466189752402641
212.0,0.9998975349342624,-0.0002017786999164648,0.9849410012866964,-0.09820958492466465,0.9849409786621506,-0.09820957602082693
213.0,0.9998922390339477,-0.00020479952510164164,0.9831464246536147,-0.10042593050715096,0.9831464017712152,-0.10042592141105036
214.0,0.9998944752717775,-0.00020351564437073904,0.9839195587011067,-0.09948067887003015,0.9839195359279173,-0.09948066985598034
215.0,0.9999019132723024,-0.00019927590014802852,0.9864356526297119,-0.09638386262895635,0.9864356302171432,-0.09638385388334768
216.0,0.9999103607975917,-0.00019438380940514828,0.9893394579306328,-0.09285412327676652,0.9893394359297433,-0.09285411483699609
217.0,0.9999156823932683,-0.00019124383106982915,0.9911352675681032,-0.09060512743197635,0.9911352458278067,-0.09060511918344927
218.0,0.9999155224504614,-0.00019138375542441234,0.9910910623798659,-0.09068352585485481,0.9910910406301182,-0.09068351760209226
219.0,0.9999089250237911,-0.00019663882189093176,0.9886896539958687,-0.093856096402241,0.9886896319705147,-0.09385608793635673
220.0,0.9999000556085103,-0.00020174510207007247,0.9856741647534274,-0.09757066148582205,0.9856741422974863,-0.09757065270081294
221.0,0.9998931173383391,-0.00020429331246153844,0.9834534106946808,-0.10005282358125304,0.9834533878550387,-0.10005281451818836
222.0,0.9998904620933348,-0.00020580735944222372,0.9825364073607793,-0.10115230826755163,0.9825363843921132,-0.10115229910643862
223.0,0.9998947574713993,-0.00020436134764969787,0.9839035751686597,-0.09966939831056053,0.983903552442929,-0.09966938932602903
224.0,0.9999070515077585,-0.0001973231694358304,0.9880933092953736,-0.0945352065273988,0.9880932871672226,-0.09453519798715561
225.0,0.9999236434914283,-0.00018760398161881284,0.9937689353114298,-0.08756673480129289,0.9937689139905529,-0.087566726858345
226.0,0.9999399550330165,-0.00017778271375642218,0.9993562423898217,-0.0806777905121392,0.9993562218648201,-0.0806777831529029
227.0,0.999951288113228,-0.00017092924234153101,0.9965735523016365,-0.07695353805952748,0.9965735324096906,-0.0769535310507069
228.0,0.9999556943626567,-0.00016867520725878226,0.9980480923262876,-0.07520904032625482,0.9980480726665045,-0.07520903348487497
229.0,0.9999533503404724,-0.00016982527984875346,0.9972531640769768,-0.07611413211804198,0.9972531442938057,-0.0761141251870322
230.0,0.9999458766929398,-0.00017459162558388015,0.9946708391064429,-0.0793835589311718,0.9946708189570332,-0.07938355173233445
231.0,0.9999374099777206,-0.0001796857018542478,0.9917549817683848,-0.08299584389012986,0.9917549612000865,-0.08299583638402169
232.0,0.9999318919176939,-0.00018275708497669007,0.9898716873822033,-0.08527755531402649,0.9898716665372642,-0.08527754760284095
233.0,0.9999318565411732,-0.00018254927230656364,0.989885476433846,-0.08520970433097837,0.9898854555809616,-0.08520969661454393
234.0,0.9999379653653868,-0.00017743074074058054,0.9921318599765285,-0.08218276447591885,0.9921318393791747,-0.08218275695549397
235.0,0.999946140140855,-0.0001724363028529266,0.9949706282260713,-0.07868096224363709,0.9949706080308651,-0.07868095501941351
236.0,0.9999524131835184,-0.00017002948802511837,0.9969929213910874,-0.07640812405033334,0.9969929015499338,-0.0764081170787949
237.0,0.9999544515456557,-0.00016901091200166628,0.9976562037340307,-0.07559037693594994,0.9976561840004678,-0.07559037004252399
238.0,0.9999493258753129,-0.00017236018662667146,0.9958835474750385,-0.07785889397906277,0.9958835274937622,-0.07785888690331304
239.0,0.9999371499855496,-0.0001798547446512618,0.991641642328008,-0.08310505943324538,0.9916416217488362,-0.08310505191723652
240.0,0.9999210086091301,-0.0001886251081228439,0.9861969389142325,-0.08973300803198996,0.9861969175138267,-0.08973299991433481
241.0,0.9999040476921076,-0.00019850776669277034,0.9803718775037661,-0.09696178624683961,0.9803718552714831,-0.09696177750991092
242.0,0.9998920994956926,-0.0002048712995325265,0.9831042901372994,-0.10047145229108896,0.9831042672478171,-0.10047144319133519
243.0,0.9998867905675657,-0.00020786662292970144,0.9812988050310887,-0.10268702066562369,0.9812987818826981,-0.10268701137232891
244.0,0.999889094984934,-0.0002065532635037381,0.9820916213208258,-0.10172741588517789,0.9820915982860312,-0.10172740667615163
245.0,0.9998965901376622,-0.00020231306224890687,0.9846412382092579,-0.09859847107102267,0.984641215538845,-0.09859846213351842
246.0,0.9999051313087038,-0.00019741816495169693,0.987546595885456,-0.09504598624575554,0.9875465736292385,-0.0950459776175043
247.0,0.9999105232012913,-0.00019425309871566295,0.989396682120789,-0.09276333811642491,0.9893966601293936,-0.09276332968298004
248.0,0.9999104053552303,-0.00019434647985451428,0.9893412710054557,-0.09281988096125811,0.9893412490075671,-0.09281987252238098
249.0,0.9999046772144629,-0.00019767017171537342,0.987375482839577,-0.09521411382851484,0.9873754605619511,-0.09521410518330299
250.0,0.9998951761677854,-0.00020413395053678403,0.9840525026886277,-0.09949333113879898,0.9840524799818955,-0.09949332216882875
251.0,0.9998873416516715,-0.0002085461433117373,0.9813897534337709,-0.1027515033114019,0.9813897303472535,-0.10275149405781904
252.0,0.9998846916612604,-0.00021003391664479142,0.980488750737695,-0.10385625342429558,0.9804887275235346,-0.10385624407533858
253.0,0.9998897018471823,-0.0002072279623442719,0.9822091586796776,-0.10177769181106161,0.9822091357068898,-0.10177768264403894
254.0,0.9999021229898624,-0.00020016829325452732,0.9864158520183594,-0.09659652278378345,0.9864158296490996,-0.09659651406603185
255.0,0.9999187766273369,-0.00019044402818287862,0.992090673066672,-0.08960218149789187,0.992090651509726,-0.08960217337945922
256.0,0.9999352063034246,-0.00018064587201110328,0.99773223867687,-0.0826764533859717,0.9977322179208599,-0.08267644585827116
257.0,0.9999467072676852,-0.0001736212816382804,0.9949924019823309,-0.07888033040350405,0.9949923818615659,-0.07888032322701756
258.0,0.9999511715122532,-0.00017132126283604492,0.9964984891178599,-0.0770939996170038,0.99649846923199,-0.07709399261067468
259.0,0.9999488754794881,-0.00017247388940350262,0.9957226656705074,-0.07800316878633386,0.9957226456614978,-0.07800316169131534
260.0,0.9999414061838791,-0.00017719938574387625,0.9931322009072088,-0.08126014683561884,0.9931321805341675,-0.08126013947246473
261.0,0.999932908801567,-0.0001822605992848841,0.9902152499030417,-0.08488415291943187,0.9902152291099002,-0.08488414524655724
262.0,0.9999274238531743,-0.0001853315154146815,0.988341149665795,-0.0871535770983782,0.9883411285974196,-0.0871535692230572
263.0,0.9999281896688728,-0.0001833343139594499,0.9887667184788452,-0.08639615805597914,0.9887666973988938,-0.08639615018102073
264.0,0.9999335338100386,-0.00018011708286729558,0.9906094761439475,-0.08407796754926296,0.9906094553277998,-0.08407795986785646
265.0,0.9999417454358672,-0.00017512220249139387,0.9934408778683356,-0.08055944070902342,0.9934408574569059,-0.08055943332582877
266.0,0.999948922855284,-0.0001707331930550333,0.9959239141261553,-0.0774841952411147,0.9959238940693385,-0.07748418811884902
267.0,0.9999502714096359,-0.00017149106787746227,0.9962308757714685,-0.0773795832268497,0.9962308558263795,-0.07737957618011332
268.0,0.9999451476985796,-0.0001748549282552578,0.9944398519073315,-0.07964095228684671,0.9944398317151228,-0.07964094505783961
269.0,0.999932963175712,-0.00018226682742519674,0.9902231363300034,-0.084861820587037,0.9902231155408526,-0.08486181291770242
270.0,0.9999163353213425,-0.00019197473572068511,0.9845281023792994,-0.09191810770087462,0.9845280807700522,-0.09191809942446819
271.0,0.9999003962514231,-0.00019957834301434165,0.9790686765422024,-0.09790295731871683,0.9790686541058619,-0.09790294844202854
272.0,0.9998877538890367,-0.0002073176819677704,0.9816223093420788,-0.1022907216142614,0.9816222862422326,-0.10229071235654814
273.0,0.9998822405692092,-0.00021077634547528624,0.9797168090888762,-0.10469000529284359,0.9797167857320903,-0.10468999584090453
274.0,0.9998848078639059,-0.00020895590550039895,0.9806255334117564,-0.10350860000070838,0.9806255101684955,-0.1035085906350751
275.0,0.9998924166857868,-0.00020467999445078147,0.9832217842375646,-0.10033618090294427,0.9832217613629566,-0.1003361718137074
276.0,0.9999003459902137,-0.0002011704645641237,0.9858136630199725,-0.09733581638847498,0.985813640565923,-0.09733580760567716
277.0,0.9999058405184161,-0.0001980221329255634,0.9877016303505903,-0.09504376886557393,0.9877016081629997,-0.09504376028267625
278.0,0.9999057241917397,-0.00019807610480693477,0.9876362845636179,-0.0950794735162618,0.987636262371432,-0.09507946492791625
279.0,0.9999000271395356,-0.0002013930404160049,0.9856965619833603,-0.09747680428674706,0.9856965395117904,-0.09747679549303244
280.0,0.9998911611630376,-0.00020639500754002007,0.9826812688717891,-0.10115981839821135,0.9826812459708116,-0.10115980928283379
281.0,0.9998833244232596,-0.00021080774682490715,0.9800085516754892,-0.10443058996148265,0.9800085283943487,-0.1044305805615478
282.0,0.9998807076148447,-0.00021226519982691673,0.9791247326478798,-0.10551295438151055,0.9791247092390064,-0.10551294488649589
283.0,0.9998858015068854,-0.0002094163252037866,0.9808670387850537,-0.10341017104209986,0.9808670156236752,-0.10341016173303769
284.0,0.9998986354032796,-0.00020157133035678446,0.9852854033993363,-0.09787351515627869,0.9852853808433141,-0.09787350630081774
285.0,0.9999150639684803,-0.00019263678245396215,0.9908222242872304,-0.0911620252899696,0.9908222025491861,-0.09116201703802357
286.0,0.9999315916062331,-0.00018283765995767774,0.9964923921089548,-0.08419015659038503,0.9964923711760644,-0.0841901489321764
287.0,0.9999432566064127,-0.0001756425761603007,0.9938238614585687,-0.08033748991818239,0.9938238411634436,-0.08033748261429119
288.0,0.9999477373349713,-0.0001733244739430823,0.9953136476273806,-0.07853445344689294,0.9953136275698978,-0.07853444631376165
289.0,0.9999454845651311,-0.00017446324764062735,0.9945717040374262,-0.07945437089302726,0.9945716838581957,-0.07945436367422042
290.0,0.9999380090876481,-0.00017916762005775217,0.9919751543431695,-0.08268193357956434,0.9919751337998257,-0.08268192609129463
291.0,0.9999295269919596,-0.00018421181634513238,0.9890684867164473,-0.0863098520274758,0.9890684657537736,-0.08630984423154352
292.0,0.9999240954489436,-0.00018722354831584914,0.9872214737255929,-0.08855633186061077,0.9872214524893071,-0.08855632386231657
293.0,0.9999248276047709,-0.00018531873890054623,0.9876071722716653,-0.08780135054507743,0.9876071510279381,-0.0878013425472066
294.0,0.9999302116967931,-0.00018211580578328176,0.9894705646063072,-0.0855050480530544,0.9894705436272364,-0.08550504025264437
295.0,0.9999385040649339,-0.00017709420558176757,0.9923207483499569,-0.08194159852579291,0.9923207277802945,-0.08194159102514424
296.0,0.9999457405229661,-0.00017268087795530655,0.9948269400520476,-0.07884515117137794,0.9948269198378297,-0.078845143932924
297.0,0.9999471774444205,-0.0001732856245346282,0.9951808457976109,-0.07866890454534081,0.9951808256985092,-0.07866889738493146
298.0,0.9999420744230088,-0.00017664896895913315,0.9933782055567661,-0.08092725548445255,0.9933781852122293,-0.08092724814254533
299.0,0.9999298840826919,-0.00018401853253032744,0.9891719198476188,-0.08614935504948364,0.989171898906116,-0.0861493472674927
300.0,0.9999132590354072,-0.00019371510507203257,0.9834778477156376,-0.0932150151538081,0.9834778259512968,-0.09321500676353321
