time_seconds,pv_output_kw
0,600.0
1.0,664.00494839263
2.0,705.5012361704033
3.0,710.5565013482627
4.0,679.1153573830373
5.0,625.0
6.0,570.6107373853764
7.0,538.3508786884275
8.0,542.0515896443544
9.0,581.6723244895
10.0,643.3012701892219
11.0,704.4557981113772
12.0,742.658477444273
13.0,744.0130316662056
14.0,708.5046199976609
15.0,650.0
16.0,590.9475695391664
17.0,553.8017284071749
18.0,552.4471741852424
19.0,586.8987476528827
20.0,643.3012701892219
21.0,699.2293749479946
22.0,732.262892903385
23.0,728.5621819474583
24.0,688.1677878438711
25.0,625.0000000000001
26.0,561.5583069245428
27.0,520.345198089232
28.0,515.2899329113726
29.0,546.4478979341353
30.0,599.9999999999999
31.0,653.5521020658647
32.0,684.7100670886274
33.0,679.654801910768
34.0,638.4416930754574
35.0,575.0000000000001
36.0,511.83221215612906
37.0,471.43781805254173
38.0,467.7371070966149
39.0,500.77062505200524
40.0,556.698729810778
41.0,613.1012523471169
42.0,647.5528258147577
43.0,646.1982715928251
44.0,609.052430460834
45.0,550.0000000000001
46.0,491.4953800023392
47.0,455.9869683337943
48.0,457.34152255572695
49.0,495.5442018886222
50.0,556.698729810778
51.0,618.3276755104996
52.0,657.9484103556457
53.0,661.6491213115723
54.0,629.3892626146237
55.0,574.9999999999998
56.0,520.8846426169628
57.0,489.4434986517374
58.0,494.49876382959667
59.0,535.9950516073695
60.0,599.9999999999999
61.0,664.0049483926301
62.0,705.5012361704032
63.0,710.5565013482626
64.0,679.1153573830373
65.0,625.0000000000006
66.0,570.6107373853765
67.0,538.3508786884277
68.0,542.0515896443543
69.0,581.6723244895002
70.0,643.3012701892217
71.0,704.4557981113775
72.0,742.6584774442729
73.0,744.0130316662057
74.0,708.504619997661
75.0,650.0000000000006
76.0,590.9475695391665
77.0,553.8017284071749
78.0,552.4471741852423
79.0,586.8987476528829
80.0,643.3012701892218
81.0,699.2293749479942
82.0,732.2628929033848
83.0,728.5621819474582
84.0,688.1677878438712
85.0,624.9999999999999
86.0,561.5583069245429
87.0,520.3451980892322
88.0,515.2899329113724
89.0,546.4478979341354
90.0,599.9999999999998
91.0,653.5521020658641
92.0,684.7100670886273
93.0,679.6548019107681
94.0,638.4416930754569
95.0,574.9999999999999
96.0,511.8322121561292
97.0,471.43781805254196
98.0,467.7371070966147
99.0,500.77062505200547
100.0,556.6987298107779
101.0,613.1012523471173
102.0,647.5528258147574
103.0,646.1982715928252
104.0,609.0524304608339
105.0,549.9999999999999
106.0,491.4953800023387
107.0,455.98696833379455
108.0,457.3415225557269
109.0,495.5442018886215
110.0,556.6987298107786
111.0,618.3276755104995
112.0,657.9484103556456
113.0,661.6491213115725
114.0,629.3892626146244
115.0,574.9999999999992
116.0,520.884642616963
117.0,489.44349865173723
118.0,494.4987638295964
119.0,535.9950516073694
120.0,599.9999999999995
121.0,664.0049483926301
122.0,705.5012361704034
123.0,710.5565013482629
124.0,679.1153573830375
125.0,625.0000000000014
126.0,570.610737385376
127.0,538.3508786884278
128.0,542.0515896443542
129.0,581.6723244895
130.0,643.3012701892209
131.0,704.4557981113779
132.0,742.6584774442729
133.0,744.0130316662056
134.0,708.5046199976618
135.0,650.0000000000007
136.0,590.9475695391666
137.0,553.8017284071749
138.0,552.4471741852425
139.0,586.8987476528822
140.0,643.3012701892217
141.0,699.2293749479935
142.0,732.2628929033851
143.0,728.5621819474585
144.0,688.1677878438713
145.0,625.0000000000001
146.0,561.5583069245436
147.0,520.3451980892318
148.0,515.2899329113725
149.0,546.4478979341354
150.0,599.999999999999
151.0,653.5521020658641
152.0,684.7100670886274
153.0,679.6548019107679
154.0,638.4416930754571
155.0,575.0000000000007
156.0,511.8322121561294
157.0,471.4378180525422
158.0,467.73710709661503
159.0,500.77062505200473
160.0,556.6987298107778
161.0,613.1012523471172
162.0,647.5528258147574
163.0,646.1982715928253
164.0,609.0524304608351
165.0,550.0000000000015
166.0,491.49538000233883
167.0,455.98696833379415
168.0,457.34152255572684
169.0,495.5442018886225
170.0,556.6987298107784
171.0,618.3276755104993
172.0,657.9484103556455
173.0,661.6491213115729
174.0,629.3892626146245
175.0,575.0000000000007
176.0,520.884642616964
177.0,489.44349865173734
178.0,494.49876382959684
179.0,535.9950516073704
180.0,599.9999999999995
181.0,664.00494839263
182.0,705.501236170403
183.0,710.5565013482628
184.0,679.1153573830376
185.0,625.0000000000014
186.0,570.6107373853772
187.0,538.3508786884274
188.0,542.0515896443546
189.0,581.6723244894999
190.0,643.3012701892222
191.0,704.4557981113767
192.0,742.6584774442729
193.0,744.0130316662056
194.0,708.504619997662
195.0,650.0000000000008
196.0,590.9475695391678
197.0,553.8017284071753
198.0,552.4471741852424
199.0,586.8987476528832
200.0,643.3012701892214
201.0,699.2293749479945
202.0,732.2628929033853
203.0,728.5621819474586
204.0,688.1677878438726
205.0,625.0000000000016
206.0,561.5583069245439
207.0,520.3451980892324
208.0,515.2899329113724
209.0,546.4478979341352
210.0,600.0000000000002
211.0,653.5521020658651
212.0,684.7100670886276
213.0,679.6548019107684
214.0,638.4416930754584
215.0,575.000000000001
216.0,511.8322121561295
217.0,471.43781805254196
218.0,467.73710709661424
219.0,500.77062505200576
220.0,556.6987298107789
221.0,613.1012523471184
222.0,647.5528258147574
223.0,646.1982715928253
224.0,609.0524304608341
225.0,550.0000000000002
226.0,491.49538000233895
227.0,455.98696833379506
228.0,457.3415225557264
229.0,495.5442018886212
230.0,556.6987298107797
231.0,618.3276755104993
232.0,657.9484103556456
233.0,661.6491213115725
234.0,629.3892626146235
235.0,574.9999999999995
236.0,520.8846426169644
237.0,489.4434986517376
238.0,494.49876382959616
239.0,535.9950516073692
240.0,599.9999999999992
241.0,664.0049483926298
242.0,705.5012361704033
243.0,710.5565013482627
244.0,679.1153573830366
245.0,625.0000000000016
246.0,570.6107373853773
247.0,538.3508786884278
248.0,542.0515896443541
249.0,581.6723244894997
250.0,643.3012701892192
251.0,704.4557981113777
252.0,742.6584774442732
253.0,744.0130316662053
254.0,708.5046199976621
255.0,650.000000000001
256.0,590.9475695391668
257.0,553.801728407175
258.0,552.4471741852424
259.0,586.8987476528808
260.0,643.30127018922
261.0,699.2293749479934
262.0,732.2628929033855
263.0,728.5621819474585
264.0,688.1677878438716
265.0,625.0000000000003
266.0,561.5583069245426
267.0,520.345198089232
268.0,515.289932911372
269.0,546.447897934134
270.0,599.9999999999986
271.0,653.552102065864
272.0,684.7100670886272
273.0,679.6548019107681
274.0,638.4416930754572
275.0,574.9999999999998
276.0,511.83221215612855
277.0,471.4378180525423
278.0,467.73710709661447
279.0,500.7706250520045
280.0,556.6987298107774
281.0,613.101252347117
282.0,647.5528258147568
283.0,646.198271592825
284.0,609.0524304608331
285.0,549.999999999999
286.0,491.4953800023402
287.0,455.98696833379466
288.0,457.3415225557267
289.0,495.5442018886223
290.0,556.698729810778
291.0,618.3276755104979
292.0,657.9484103556449
293.0,661.6491213115729
294.0,629.3892626146225
295.0,575.000000000001
296.0,520.8846426169632
297.0,489.4434986517374
298.0,494.49876382959656
299.0,535.9950516073702
